Rank	Player ID	Player	Team	Position(s)	ADP	Min Pick	Max Pick	Difference	# Picks	Team	Team Pick
1	9810	Ohtani, Shohei	LAD	UT, P	1.19	1	3		26		
2	8956	Judge, Aaron	NYY	OF	2.00	1	3		26		
3	10932	Witt Jr., Bobby	KC	SS	2.85	1	4		26		
4	10030	Soto, Juan	NYM	OF	4.62	3	6		26		
5	10711	Skubal, Tarik	DET	P	5.38	4	7		26		
6	8594	Ramirez, Jose	CLE	3B	5.65	4	9		26		
7	9775	Acuna Jr., Ronald	ATL	OF	6.77	4	9		26		
8	10260	Rodriguez, Julio	SEA	OF	9.42	6	14		26		
9	11885	Skenes, Paul	PIT	P	9.69	6	13		26		
10	11583	De La Cruz, Elly	CIN	SS	10.00	7	13		26		
11	10900	Crochet, Garrett	BOS	P	10.00	6	14		26		
12	11108	Henderson, Gunnar	BAL	SS	12.81	10	17		26		
13	9948	Tatis Jr., Fernando	SD	OF	14.00	12	18		26		
14	9787	Tucker, Kyle	LAD	OF	14.50	9	20		26		
15	11875	Caminero, Junior	TB	3B	15.77	9	23		26		
16	11025	Carroll, Corbin	ARZ	OF	16.46	8	21		26		
17	10866	Raleigh, Cal	SEA	C	17.50	9	23		26		
18	9785	Guerrero Jr., Vladimir	TOR	1B	17.62	8	21		26		
19	11738	Chourio, Jackson	MLW	OF	18.96	14	26		26		
20	12222	Kurtz, Nick	ATH	1B	19.81	10	27		26		
21	10231	Chisholm Jr., Jazz	NYY	2B, 3B	20.77	16	29		26		
22	11787	Miller, Mason	SD	P	23.65	17	29		26		
23	9376	Diaz, Edwin	LAD	P	25.73	21	34		26		
24	11883	Yamamoto, Yoshinobu	LAD	P	25.81	16	31		26		
25	10312	Alonso, Pete	BAL	1B	26.19	19	36		26		
26	10770	Sanchez, Cristopher	PHI	P	26.62	19	33		26		
27	8940	Schwarber, Kyle	PHI	UT	26.92	16	36		26		
28	9132	Turner, Trea	PHI	SS	27.15	20	41		26		
29	8226	Lindor, Francisco	NYM	SS	28.04	14	40		26		
30	11982	Smith, Cade	CLE	P	30.69	25	38		26		
31	10134	Munoz, Andres	SEA	P	32.38	24	43		26		
32	11741	Neto, Zach	LAA	SS	32.62	21	41		26		
33	10239	Duran, Jhoan	PHI	P	33.19	26	40		26		
34	11864	Crow-Armstrong, Pete	CHC	OF	35.15	24	45		26		
35	10712	Gilbert, Logan	SEA	P	35.77	29	52		26		
36	11800	Woo, Bryan	SEA	P	35.88	16	46		26		
37	11435	Brown, Hunter	HOU	P	37.42	25	53		26		
38	11750	Wood, James	WAS	OF	38.31	23	48		26		
39	7887	Sale, Chris	ATL	P	39.04	30	51		26		
40	9112	Marte, Ketel	ARZ	2B	39.23	24	52		26		
41	10367	Alvarez, Yordan	HOU	UT	41.15	33	53		26		
42	7891	Machado, Manny	SD	3B	42.31	31	54		26		
43	10681	Bednar, David	NYY	P	42.92	34	51		26		
44	10216	Greene, Hunter	CIN	P	43.23	30	52		26		
45	10665	Williams, Devin	NYM	P	45.54	36	57		26		
46	7709	Chapman, Aroldis	BOS	P	46.35	32	59		26		
47	10166	Ragans, Cole	KC	P	48.88	38	61		26		
48	10149	Rooker, Brent	ATH	OF	48.96	33	59		26		
49	11881	Langford, Wyatt	TEX	OF	49.88	39	59		26		
50	8784	deGrom, Jacob	TEX	P	50.23	33	63		26		
51	7885	Harper, Bryce	PHI	1B	51.42	39	62		26		
52	8704	Fried, Max	NYY	P	53.08	43	68		26		
53	8690	Olson, Matt	ATL	1B	53.12	42	66		26		
54	10364	Contreras, William	MLW	C	54.81	45	70		26		
55	10480	Webb, Logan	SF	P	55.08	43	72		26		
56	9915	Peralta, Freddy	NYM	P	56.77	44	69		26		
57	10845	Langeliers, Shea	ATH	C	57.27	50	64		26		
58	11911	Rice, Ben	NYY	C, 1B	57.35	36	75		26		
59	10874	Kirby, George	SEA	P	61.65	54	68		26		
60	11948	Anthony, Roman	BOS	OF	61.81	46	81		26		
61	8638	Betts, Mookie	LAD	SS	62.19	45	76		26		
62	10151	Turang, Brice	MLW	2B	62.69	44	74		26		
63	11045	Abrams, CJ	WAS	SS	62.85	44	80		26		
64	10321	Helsley, Ryan	BAL	P	64.38	45	84		26		
65	9708	Devers, Rafael	SF	1B	64.38	54	77		26		
66	10786	Ryan, Joe	MIN	P	69.23	56	110		26		
67	10235	Luzardo, Jesus	PHI	P	69.46	52	80		26		
68	10191	Cease, Dylan	TOR	P	69.65	55	88		26		
69	10255	Naylor, Josh	SEA	1B	69.69	42	84		26		
70	11848	Goodman, Hunter	COL	C	69.77	45	94		26		
71	11387	Garcia, Maikel	KC	3B	70.04	61	85		26		
72	9821	Riley, Austin	ATL	3B	70.50	61	80		26		
73	7793	Freeman, Freddie	LAD	1B	72.35	54	87		26		
74	11099	Bradish, Kyle	BAL	P	73.73	58	90		26		
75	8981	Iglesias, Raisel	ATL	P	76.69	60	93		26		
76	10822	Greene, Riley	DET	OF	76.85	64	90		26		
77	11891	Merrill, Jackson	SD	OF	78.23	67	95		26		
78	11591	Perez, Eury	MIA	P	78.81	62	101		26		
79	10824	Duran, Jarren	BOS	OF	80.15	49	96		26		
80	10083	Valdez, Framber	DET	P	81.88	67	99		26		
81	11415	Pasquantino, Vinnie	KC	1B	83.00	73	99		26		
82	11985	Ramirez, Agustin	MIA	C	83.27	65	95		26		
83	9649	Bellinger, Cody	NYY	OF	83.54	72	100		26		
84	10397	Perdomo, Geraldo	ARZ	SS	83.54	69	113		26		
85	9492	Hader, Josh	HOU	P	86.73	50	131		26		
86	8674	Buxton, Byron	MIN	OF	86.77	65	104		26		
87	9294	Estevez, Carlos	KC	P	87.35	62	112		26		
88	9570	Pivetta, Nick	SD	P	88.62	73	111		26		
89	12203	Baldwin, Drake	ATL	C	89.46	78	112		26		
90	11309	Pena, Jeremy	HOU	SS	91.54	79	116		26		
91	8975	Hoffman, Jeff	TOR	P	93.69	78	124		26		
92	8134	Perez, Salvador	KC	C, 1B	93.85	80	107		26		
93	12443	McLean, Nolan	NYM	P	93.92	75	125		26		
94	11071	Soderstrom, Tyler	ATH	OF, 1B	95.58	84	114		26		
95	9820	Bichette, Bo	NYM	SS	96.12	79	109		26		
96	10671	Arozarena, Randy	SEA	OF	97.73	76	114		26		
97	10302	Hoerner, Nico	CHC	2B	98.46	78	111		26		
98	10634	Fairbanks, Pete	MIA	P	99.23	80	123		26		
99	11300	Strider, Spencer	ATL	P	100.04	67	118		26		
100	9652	Pagan, Emilio	CIN	P	100.58	81	118		26		
101	8668	Seager, Corey	TEX	SS	101.69	83	128		26		
102	11821	Palencia, Daniel	CHC	P	102.88	89	126		26		
103	11305	Suzuki, Seiya	CHC	OF	102.92	85	121		26		
104	8805	Suarez, Eugenio	CIN	3B	103.35	81	146		26		
105	10363	Smith, Will	LAD	C	105.15	85	116		26		
106	8433	Springer, George	TOR	OF	107.50	86	128		26		
107	12193	Burns, Chase	CIN	P	108.65	85	133		26		
108	11065	Harris II, Michael	ATL	OF	108.85	90	129		26		
109	7931	Jansen, Kenley	DET	P	110.19	90	132		26		
110	10305	Cruz, Oneil	PIT	OF	110.27	90	134		26		
111	8427	Gausman, Kevin	TOR	P	110.46	82	132		26		
112	8658	Story, Trevor	BOS	SS	112.58	84	144		26		
113	11048	Busch, Michael	CHC	1B	116.12	74	152		26		
114	9328	Snell, Blake	LAD	P	116.23	76	169		26		
115	8546	Gray, Sonny	BOS	P	116.92	92	148		26		
116	11811	Sheehan, Emmet	LAD	P	117.81	96	147		26		
117	9958	Robert Jr., Luis	NYM	OF	118.19	91	142		26		
118	10964	Lodolo, Nick	CIN	P	119.96	102	137		26		
119	9415	Bregman, Alex	CHC	3B	121.12	92	140		26		
120	10804	Megill, Trevor	MLW	P	121.46	85	165		26		
121	8700	Glasnow, Tyler	LAD	P	122.08	102	145		26		
122	9678	Woodruff, Brandon	MLW	P	122.88	95	184		26		
123	10241	Adell, Jo	LAA	OF	123.96	107	147		26		
124	8116	Altuve, Jose	HOU	OF, 2B	124.12	111	153		26		
125	8235	Wheeler, Zack	PHI	P	124.77	104	147		26		
126	11559	Diaz, Yainer	HOU	C	125.46	102	146		26		
127	8971	Adames, Willy	SF	SS	125.77	77	143		26		
128	9917	Santana, Dennis	PIT	P	127.35	104	158		26		
129	11059	Pepiot, Ryan	TB	P	128.04	113	152		26		
130	9639	Diaz, Yandy	TB	1B	131.54	103	151		26		
131	11628	Rafaela, Ceddanne	BOS	2B, OF	132.73	110	150		26		
132	11894	Misiorowski, Jacob	MLW	P	132.85	105	155		26		
133	10289	King, Michael	SD	P	134.42	113	152		26		
134	11794	Walker, Ryan	SF	P	135.92	106	180		26		
135	9428	Hernandez, Teoscar	LAD	OF	136.04	115	156		26		
136	10807	Rasmussen, Drew	TB	P	136.81	120	160		26		
137	11414	Stowers, Kyle	MIA	OF	137.73	107	181		26		
138	7903	Yelich, Christian	MLW	UT	139.27	113	161		26		
139	12361	Schlittler, Cam	NYY	P	139.92	108	168		26		
140	9432	Swanson, Dansby	CHC	SS	140.92	120	160		26		
141	11682	Pages, Andy	LAD	OF	141.27	121	186		26		
142	11590	Williams, Gavin	CLE	P	142.12	128	161		26		
143	11664	Uribe, Abner	MLW	P	142.38	102	190		26		
144	8130	Eovaldi, Nathan	TEX	P	145.31	114	163		26		
145	11939	Marsee, Jakob	MIA	OF	146.23	110	176		26		
146	12228	Keaschall, Luke	MIN	2B	146.38	122	174		26		
147	10419	Marte, Noelvi	CIN	OF, 3B	146.69	121	171		26		
148	12035	Chandler, Bubba	PIT	P	148.77	121	173		26		
149	12463	Yesavage, Trey	TOR	P	150.58	122	180		26		
150	8955	Nimmo, Brandon	TEX	OF	151.38	135	177		26		
151	11218	Jax, Griffin	TB	P	153.31	115	202		26		
152	10076	Ward, Taylor	BAL	OF	157.92	134	183		26		
153	10704	Rutschman, Adley	BAL	C	158.08	127	194		26		
154	9754	Alcantara, Sandy	MIA	P	158.92	140	184		26		
155	9506	Castillo, Luis	SEA	P	159.04	139	174		26		
156	8775	Ray, Robbie	SF	P	161.35	139	217		26		
157	10351	Rogers, Trevor	BAL	P	162.19	134	188		26		
158	11649	Butler, Lawrence	ATH	OF	162.46	128	200		26		
159	11653	Doyle, Brenton	COL	OF	163.88	139	189		26		
160	10851	Kirk, Alejandro	TOR	C	165.08	141	190		26		
161	11315	Kwan, Steven	CLE	OF	165.69	136	193		26		
162	9973	Gore, MacKenzie	TEX	P	166.62	151	192		26		
163	11922	Crews, Dylan	WAS	OF	167.38	121	192		26		
164	9683	Chapman, Matt	SF	3B	168.15	140	202		26		
165	9838	Dominguez, Seranthony	CWS	P	168.92	130	250		26		
166	12471	Imai, Tatsuya	HOU	P	170.35	145	199		26		
167	9721	Albies, Ozzie	ATL	2B	171.35	142	196		26		
168	11421	Burleson, Alec	STL	1B, OF	171.38	131	198		26		
169	11118	Alvarez, Francisco	NYM	C	172.73	150	195		26		
170	11884	Imanaga, Shota	CHC	P	172.77	127	214		26		
171	10365	Edwards, Xavier	MIA	2B, SS	173.46	152	202		26		
172	12469	Griffin, Konnor	PIT	SS	173.81	109	209		26		
173	11595	Bibee, Tanner	CLE	P	175.50	153	209		26		
174	12212	Simpson, Chandler	TB	OF	175.54	100	276		26		
175	12039	Basallo, Samuel	BAL	C	175.92	144	210		26		
176	9840	Suarez, Ranger	BOS	P	176.42	129	196		26		
177	12127	Wilson, Jacob	ATH	SS	176.58	156	221		26		
178	10381	Abreu, Bryan	HOU	P	177.15	134	236		26		
179	10721	Cabrera, Edward	CHC	P	179.62	165	198		26		
180	10220	Herrera, Ivan	STL	UT	179.92	150	227		26		
181	9655	Happ, Ian	CHC	OF	181.27	156	206		26		
182	11346	Tovar, Ezequiel	COL	SS	181.38	151	207		26		
183	11407	Suarez, Robert	ATL	P	182.96	101	255		26		
184	11117	Moreno, Gabriel	ARZ	C	183.81	151	212		26		
185	11086	Stott, Bryson	PHI	2B	184.04	150	205		26		
186	11886	Horton, Cade	CHC	P	187.42	155	222		26		
187	9263	Contreras, Willson	BOS	1B	187.46	167	224		26		
188	10331	Baz, Shane	BAL	P	189.54	155	237		26		
189	11901	Teel, Kyle	CWS	C	190.04	143	220		26		
190	11394	Aranda, Jonathan	TB	1B	190.46	135	214		26		
191	10068	Lowe, Brandon	PIT	2B	191.50	135	228		26		
192	10831	Torkelson, Spencer	DET	1B	196.08	154	222		26		
193	10319	Lewis, Royce	MIN	3B	196.12	169	239		26		
194	8228	Profar, Jurickson	ATL	OF	196.96	167	228		26		
195	10153	Reynolds, Bryan	PIT	OF	197.69	167	219		26		
196	12453	Stewart, Sal	CIN	1B	198.46	180	226		26		
197	8942	Rodon, Carlos	NYY	P	199.46	164	239		26		
198	12456	Jensen, Carter	KC	C	201.92	181	223		26		
199	7689	Trout, Mike	LAA	OF	202.65	144	248		26		
200	10180	Varsho, Daulton	TOR	OF	202.69	181	238		26		
201	11596	Barger, Addison	TOR	3B, OF	202.81	137	244		26		
202	11751	Holliday, Jackson	BAL	2B	203.46	154	249		26		
203	12364	Lile, Daylen	WAS	OF	203.54	167	254		26		
204	11613	McLain, Matt	CIN	2B	203.81	181	237		26		
205	9750	Flaherty, Jack	DET	P	203.88	179	238		26		
206	8961	Nola, Aaron	PHI	P	206.77	183	240		26		
207	8800	Realmuto, J.T.	PHI	C	208.85	177	240		26		
208	12211	Caglianone, Jac	KC	OF	212.58	177	251		26		
209	8924	Walker, Christian	HOU	1B	212.85	180	255		26		
210	11802	Abbott, Andrew	CIN	P	212.96	171	245		26		
211	10422	Lopez, Otto	MIA	SS, 2B	213.08	187	239		26		
212	11581	Frelick, Sal	MLW	OF	213.31	188	243		26		
213	12351	Murakami, Munetaka	CWS	3B	213.77	111	244		26		
214	10933	Bubic, Kris	KC	P	215.65	174	277		26		
215	9964	Garcia, Adolis	PHI	OF	215.77	198	246		26		
216	10213	Ramos, Heliot	SF	OF	216.15	198	247		26		
217	11786	Caballero, Jose	NYY	OF, 2B, 3B, SS	216.92	168	268		26		
218	11709	Abreu, Wilyer	BOS	OF	217.35	186	244		26		
219	9944	Gallen, Zac	ARZ	P	219.38	173	268		26		
220	8832	Polanco, Jorge	NYM	2B	219.58	185	242		26		
221	9087	Boyd, Matthew	CHC	P	220.65	189	250		26		
222	9248	Musgrove, Joe	SD	P	220.85	191	250		26		
223	12204	Durbin, Caleb	BOS	3B	221.35	150	249		26		
224	8417	Bogaerts, Xander	SD	SS	222.00	184	248		26		
225	11892	Montgomery, Colson	CWS	SS	222.46	141	278		26		
226	10332	McClanahan, Shane	TB	P	226.88	193	252		26		
227	9919	Laureano, Ramon	SD	OF	227.04	204	262		26		
228	12490	Okamoto, Kazuma	TOR	3B	228.54	179	263		26		
229	11600	Manzardo, Kyle	CLE	1B	229.31	191	269		26		
230	11610	Westburg, Jordan	BAL	3B	229.73	130	507		26		
231	12084	Beck, Jordan	COL	OF	230.50	200	260		26		
232	9778	Torres, Gleyber	DET	2B	233.19	201	268		26		
233	11327	Leiter, Jack	TEX	P	233.96	201	259		26		
234	11599	Wells, Austin	NYY	C	237.46	201	288		26		
235	10920	Dingler, Dillon	DET	C	237.96	133	283		26		
236	10218	Paredes, Isaac	HOU	3B	239.15	185	292		26		
237	11823	Garcia, Robert	TEX	P	240.54	170	300		26		
238	11530	Carpenter, Kerry	DET	OF	240.73	211	267		26		
239	11636	Miller, Bryce	SEA	P	242.46	197	297		26		
240	10279	Garcia Jr., Luis	WAS	2B	243.65	215	269		26		
241	8602	Semien, Marcus	NYM	2B	243.81	220	291		26		
242	11940	Sasaki, Roki	LAD	P	244.73	197	323		26		
243	12305	Smith, Shane	CWS	P	245.00	216	295		26		
244	10506	Kelly, Merrill	ARZ	P	246.92	209	336		26		
245	11075	O'Hoppe, Logan	LAA	C	247.04	222	273		26		
246	12302	Wetherholt, JJ	STL	SS	247.58	219	286		26		
247	9784	Moniak, Mickey	COL	OF	249.00	226	291		26		
248	10899	Winn, Masyn	STL	SS	251.19	204	296		26		
249	11609	Cowser, Colton	BAL	OF	251.65	230	276		26		
250	10224	Burger, Jake	TEX	1B	251.77	227	278		26		
251	8691	Muncy, Max	LAD	3B	253.15	215	282		26		
252	10125	Bohm, Alec	PHI	3B	253.73	217	279		26		
253	10946	Jeffers, Ryan	MIN	C	254.31	223	296		26		
254	10358	Stephenson, Tyler	CIN	C	255.15	222	304		26		
255	10481	Arraez, Luis	SF	1B	257.58	182	303		26		
256	11162	O'Brien, Riley	STL	P	258.35	173	373		26		
257	8231	Cole, Gerrit	NYY	P	260.46	200	319		26		
258	11357	Donovan, Brendan	SEA	2B	261.46	239	296		26		
259	12459	Early, Connelly	BOS	P	263.23	205	324		26		
260	10658	Grisham, Trent	NYY	OF	264.69	223	295		26		
261	10417	Vargas, Miguel	CWS	1B, 3B	264.73	229	297		26		
262	10788	Vaughn, Andrew	MLW	1B	265.69	219	308		26		
263	12238	Henderson, Logan	MLW	P	265.92	239	308		26		
264	10159	Mize, Casey	DET	P	266.62	243	304		26		
265	10254	Lowe, Josh	LAA	OF	267.27	242	313		26		
266	10038	Bieber, Shane	TOR	P	268.42	196	363		26		
267	9856	Castro, Willi	COL	2B, 3B, OF	268.85	241	303		26		
268	8656	Correa, Carlos	HOU	3B, SS	268.88	233	299		26		
269	12201	Cameron, Noah	KC	P	269.00	220	311		26		
270	10325	Weathers, Ryan	NYY	P	269.50	222	306		26		
271	11326	Nelson, Ryne	ARZ	P	270.04	228	312		26		
272	7789	Stanton, Giancarlo	NYY	OF	270.23	226	330		26		
273	8666	Manaea, Sean	NYM	P	270.42	237	328		26		
274	10344	Friedl, TJ	CIN	OF	271.88	230	309		26		
275	11556	Steer, Spencer	CIN	1B	272.73	227	351		26		
276	10401	Cantillo, Joey	CLE	P	274.15	233	323		26		
277	12303	Crawford, Justin	PHI	OF	275.38	230	356		26		
278	9824	O'Hearn, Ryan	PIT	1B, OF	277.81	253	298		26		
279	11182	Senga, Kodai	NYM	P	278.42	233	316		26		
280	11131	Priester, Quinn	MLW	P	278.73	255	307		26		
281	11999	Ashcraft, Braxton	PIT	P	279.46	251	307		26		
282	11619	Burrows, Mike	HOU	P	281.92	254	306		26		
283	12012	Narvaez, Carlos	BOS	C	284.00	234	352		26		
284	11159	Ober, Bailey	MIN	P	284.85	249	330		26		
285	11123	Baty, Brett	NYM	2B, 3B	284.88	250	329		26		
286	11753	Carter, Evan	TEX	OF	287.54	225	332		26		
287	11749	Dominguez, Jasson	NYY	OF	288.69	162	385		26		
288	10774	Ponce, Cody	TOR	P	289.12	256	311		26		
289	10072	Mullins, Cedric	TB	OF	290.00	248	342		26		
290	10207	Rodriguez, Grayson	LAA	P	290.35	206	326		26		
291	11921	Shaw, Matt	CHC	3B	290.62	200	350		26		
292	11903	Lee, Jung Hoo	SF	OF	290.81	259	333		26		
293	10133	Gimenez, Andres	TOR	2B	290.96	272	323		26		
294	10925	Clement, Ernie	TOR	2B, 3B, SS	292.23	258	323		26		
295	11576	Wallner, Matt	MIN	OF	294.35	259	337		26		
296	12470	McGonigle, Kevin	DET	SS	294.77	241	341		26		
297	12148	Matthews, Zebby	MIN	P	295.46	271	339		26		
298	11106	Beeter, Clayton	WAS	P	303.38	187	427		26		
299	11947	Scott II, Victor	STL	OF	304.31	261	343		26		
300	8478	Ozuna, Marcell	PIT	UT	306.73	265	354		26		
301	9710	Bader, Harrison	SF	OF	308.15	277	345		26		
302	11844	Schanuel, Nolan	LAA	1B	308.50	272	344		26		
303	11825	Keith, Colt	DET	2B, 3B	308.77	253	333		26		
304	10145	Singer, Brady	CIN	P	309.31	277	340		26		
305	11919	DeLauter, Chase	CLE	OF	309.88	273	353		26		
306	11187	Soriano, Jose	LAA	P	314.88	262	351		26		
307	12259	Patrick, Chad	MLW	P	315.31	260	371		26		
308	7886	Taillon, Jameson	CHC	P	317.27	263	372		26		
309	12215	Messick, Parker	CLE	P	318.12	279	364		26		
310	9452	Kelly, Carson	CHC	C	318.15	258	381		26		
311	12191	Quero, Edgar	CWS	C	318.27	266	379		26		
312	11907	Snelling, Robby	MIA	P	318.54	237	399		26		
313	10236	Sanchez, Jesus	TOR	OF	321.62	297	364		26		
314	10282	Vientos, Mark	NYM	3B	322.42	268	387		26		
315	10885	Walker, Jordan	STL	OF	323.19	291	359		26		
316	10980	Jung, Josh	TEX	3B	323.31	276	407		26		
317	10061	McNeil, Jeff	ATH	2B, OF	323.46	298	357		26		
318	11439	Lawlar, Jordan	ARZ	3B	323.69	268	390		26		
319	10143	Naylor, Bo	CLE	C	325.15	259	429		26		
320	8962	Bell, Josh	MIN	1B	325.85	289	358		26		
321	11501	Sosa, Lenyn	CWS	1B, 2B	326.96	272	439		26		
322	8808	Yates, Kirby	LAA	P	327.58	220	398		26		
323	11362	Bello, Brayan	BOS	P	327.81	280	404		26		
324	10915	Detmers, Reid	LAA	P	328.62	287	370		26		
325	8879	Bassitt, Chris	BAL	P	330.23	260	371		26		
326	11898	Warren, Will	NYY	P	331.54	302	362		26		
327	11861	Vodnik, Victor	COL	P	331.62	190	424		26		
328	9993	McKinstry, Zach	DET	3B, SS, OF	331.73	301	381		26		
329	11740	Lee, Brooks	MIN	2B, 3B, SS	332.15	285	369		26		
330	10146	Marsh, Brandon	PHI	OF	332.31	296	380		26		
331	12359	Taylor, Grant	CWS	P	332.35	279	408		26		
332	12226	Beavers, Dylan	BAL	OF	334.85	292	400		26		
333	11585	Painter, Andrew	PHI	P	335.46	298	408		26		
334	12227	Meidroth, Chase	CWS	2B, SS	336.31	302	370		26		
335	9410	Lopez, Reynaldo	ATL	P	336.35	231	375		26		
336	9799	Keller, Mitch	PIT	P	336.42	307	363		26		
337	11441	Smith, Josh	TEX	1B, 3B, SS	339.15	290	394		26		
338	11420	Seymour, Ian	TB	P	339.46	298	386		26		
339	11778	Canzone, Dominic	SEA	OF	342.15	309	378		26		
340	9555	Holmes, Clay	NYM	P	342.58	280	384		26		
341	10181	Peterson, David	NYM	P	346.35	247	396		26		
342	11060	Uceta, Edwin	TB	P	346.58	223	573		26		
343	10438	Kikuchi, Yusei	LAA	P	346.69	277	419		26		
344	10248	India, Jonathan	KC	OF, 3B, 2B	347.81	310	389		26		
345	10335	Woods Richardson, Simeon	MIN	P	348.81	309	410		26		
346	11614	Acuna, Luisangel	CWS	2B	349.65	304	458		26		
347	11325	Volpe, Anthony	NYY	SS	350.81	295	403		26		
348	10971	Cavalli, Cade	WAS	P	350.96	311	405		26		
349	12179	Collins, Isaac	KC	OF	351.15	312	394		26		
350	9763	Hays, Austin	CWS	OF	352.08	275	388		26		
351	12331	Smith, Cam	HOU	OF	353.65	313	404		26		
352	12480	Benge, Carson	NYM	OF	355.54	298	410		26		
353	9742	Mahle, Tyler	SF	P	358.62	331	399		26		
354	8223	Arenado, Nolan	ARZ	3B	360.92	308	414		26		
355	11434	Horwitz, Spencer	PIT	1B	364.19	316	435		26		
356	9312	Lugo, Seth	KC	P	364.23	316	417		26		
357	10832	Meyer, Max	MIA	P	365.27	281	430		26		
358	10760	Gil, Luis	NYY	P	366.65	310	410		26		
359	8221	Castellanos, Nick	SD	OF	370.31	310	459		26		
360	12202	Eldridge, Bryce	SF	UT	371.96	313	440		26		
361	11841	Lopez, Jacob	ATH	P	372.15	323	454		26		
362	11186	Vest, Will	DET	P	373.00	268	494		26		
363	11553	Estrada, Jeremiah	SD	P	374.08	316	455		26		
364	9609	Rengifo, Luis	MLW	2B, 3B	374.27	297	479		26		
365	11586	Pfaadt, Brandon	ARZ	P	375.50	344	420		26		
366	10204	Sheets, Gavin	SD	OF	375.54	328	449		26		
367	11934	Mayer, Marcelo	BOS	3B	375.58	303	444		26		
368	12067	Mangum, Jake	PIT	OF	376.00	277	472		26		
369	8426	Wacha, Michael	KC	P	376.77	349	416		26		
370	11937	Ford, Harry	WAS	C	378.88	290	464		26		
371	9225	Rogers, Taylor	MIN	P	379.35	200	517		26		
372	8650	Stephenson, Robert	LAA	P	380.46	191	476		26		
373	10717	Javier, Cristian	HOU	P	381.69	350	438		26		
374	10569	Edman, Tommy	LAD	2B, OF	382.08	289	482		26		
375	11668	Triolo, Jared	PIT	1B, 3B, SS	383.12	337	424		26		
376	11603	Norby, Connor	MIA	3B	384.69	328	446		26		
377	8331	Soler, Jorge	LAA	OF	384.92	324	502		26		
378	10303	Gorman, Nolan	STL	3B, 2B	385.00	329	420		26		
379	12344	Tong, Jonah	NYM	P	385.12	307	516		26		
380	9379	Eflin, Zach	BAL	P	385.50	350	430		26		
381	9262	Caratini, Victor	MIN	C	386.96	326	432		26		
382	12050	Caissie, Owen	MIA	OF	388.08	320	466		26		
383	12217	Ballesteros, Moises	CHC	UT	388.12	337	456		26		
384	10477	Steele, Justin	CHC	P	388.35	350	440		26		
385	12430	Melton, Troy	DET	P	390.15	286	626		26		
386	8694	Crawford, J.P.	SEA	SS	390.15	332	473		26		
387	9726	McMahon, Ryan	NYY	3B	391.23	344	432		26		
388	9765	Robles, Victor	SEA	OF	393.81	303	469		26		
389	9789	O'Neill, Tyler	BAL	OF	394.81	318	477		26		
390	11147	Kim, Ha-Seong	ATL	SS	395.00	311	484		26		
391	10792	Finnegan, Kyle	DET	P	396.42	274	520		26		
392	10147	Garrett, Braxton	MIA	P	396.54	353	443		26		
393	10226	McCarthy, Jake	COL	OF	398.15	333	462		26		
394	11225	Nootbaar, Lars	STL	OF	398.65	309	476		26		
395	12010	Nunez, Nasim	WAS	SS	399.58	336	487		26		
396	11588	Bradley, Taj	MIN	P	401.31	360	448		26		
397	12097	Sterner, Justin	ATH	P	401.38	255	509		26		
398	11625	Ortiz, Joey	MLW	SS	402.23	343	456		26		
399	10769	Cleavinger, Garrett	TB	P	403.08	326	499		26		
400	10446	Thomas, Lane	KC	OF	403.38	336	483		26		
401	11342	Clemens, Kody	MIN	OF, 2B, 1B	404.08	335	478		26		
402	11889	Mayo, Coby	BAL	1B	404.38	320	513		26		
403	9417	Benintendi, Andrew	CWS	OF	404.69	343	456		26		
404	12241	Clarke, Denzel	ATH	OF	404.73	337	463		26		
405	10766	Cronenworth, Jake	SD	2B	405.69	314	473		26		
406	10263	Ruiz, Keibert	WAS	C	406.58	310	481		26		
407	10350	Larnach, Trevor	MIN	OF	408.54	331	487		26		
408	8724	Giolito, Lucas	BOS	P	409.08	346	469		26		
409	10626	Yastrzemski, Mike	ATL	OF	411.58	344	451		26		
410	11514	Fermin, Freddy	SD	C	412.00	322	474		26		
411	10528	Romero, JoJo	STL	P	412.15	313	493		26		
412	12028	Leasure, Jordan	CWS	P	416.15	285	613		26		
413	11190	Whitlock, Garrett	BOS	P	418.27	361	540		26		
414	10434	Perez, Wenceel	DET	OF	418.46	323	462		26		
415	10307	Meadows, Parker	DET	OF	418.81	309	485		26		
416	11893	Jones, Jared	PIT	P	419.15	305	533		26		
417	10468	Holmes, Grant	ATL	P	420.31	353	490		26		
418	12452	Tolle, Payton	BOS	P	423.81	347	495		26		
419	12479	Emerson, Colt	SEA	SS	423.92	288	487		26		
420	12434	Morales, Luis	ATH	P	424.38	321	539		26		
421	11836	Cecconi, Slade	CLE	P	424.38	389	491		26		
422	10287	Liberatore, Matthew	STL	P	425.65	382	469		26		
423	10067	Springs, Jeffrey	ATH	P	426.31	377	572		26		
424	10290	Amaya, Miguel	CHC	C	426.38	374	489		26		
425	12266	Svanson, Matt	STL	P	426.92	358	498		26		
426	12478	White, Thomas	MIA	P	427.04	333	498		26		
427	11634	Roupp, Landen	SF	P	427.12	364	485		26		
428	10999	Meyers, Jake	HOU	OF	428.50	371	474		26		
429	10189	May, Dustin	STL	P	428.77	361	499		26		
430	9791	Soroka, Michael	ARZ	P	429.54	362	510		26		
431	10662	Ginkel, Kevin	ARZ	P	430.58	365	530		26		
432	8748	Martinez, Nick	TB	P	434.31	335	502		26		
433	10183	Kremer, Dean	BAL	P	434.62	376	527		26		
434	5420	Verlander, Justin	DET	P	434.62	274	510		26		
435	12046	Melton, Jacob	TB	OF	437.04	377	471		26		
436	10892	Oviedo, Johan	BOS	P	437.31	381	495		26		
437	9475	Gurriel Jr., Lourdes	ARZ	OF	437.62	359	598		26		
438	9795	Jansen, Danny	TEX	C	438.00	363	520		26		
439	11102	Bailey, Patrick	SF	C	442.38	396	503		26		
440	9523	Andujar, Miguel	SD	3B, OF	442.50	350	513		26		
441	10379	Rocchio, Brayan	CLE	2B, SS	443.23	387	551		26		
442	8958	Severino, Luis	ATH	P	444.38	399	509		26		
443	12020	Arrighetti, Spencer	HOU	P	445.42	388	509		26		
444	12194	Moore, Christian	LAA	2B	445.58	383	570		26		
445	8951	Berrios, Jose	TOR	P	445.73	381	555		26		
446	11632	Abel, Mick	MIN	P	449.96	361	558		26		
447	10327	Murphy, Sean	ATL	C	450.27	340	525		26		
448	12472	Miller, Aidan	PHI	SS	451.92	372	644		26		
449	12190	Rushing, Dalton	LAD	C	452.85	391	547		26		
450	12477	Waldschmidt, Ryan	ARZ	OF	452.92	365	532		26		
451	11926	House, Brady	WAS	3B	454.62	398	515		26		
452	8643	Baez, Javier	DET	3B, SS, OF	458.12	408	521		26		
453	12198	Sproat, Brandon	MLW	P	458.19	396	502		26		
454	12482	Mack, Joe	MIA	C	458.27	332	522		26		
455	9772	Scott, Tanner	LAD	P	460.81	357	615		26		
456	12128	Baldwin, Brooks	CWS	OF	461.77	416	519		26		
457	11868	Boyle, Joe	TB	P	462.54	356	578		26		
458	9860	Littell, Zack	CIN	P	464.19	373	531		26		
459	9470	Higashioka, Kyle	TEX	C	465.00	418	538		26		
460	11266	Latz, Jacob	TEX	P	465.69	407	513		26		
461	12502	Baez, Joshua	STL	OF	467.27	362	556		26		
462	11905	Johnston, Troy	COL	OF	468.15	392	522		26		
463	9677	Maton, Phil	CHC	P	469.38	376	568		26		
464	9430	Weaver, Luke	NYM	P	470.85	401	546		26		
465	12214	Kim, Hyeseong	LAD	2B	470.92	371	589		26		
466	9802	Dubon, Mauricio	ATL	2B, 3B, SS, OF	471.62	423	536		26		
467	11204	Mitchell, Garrett	MLW	OF	473.46	370	544		26		
468	10123	Morejon, Adrian	SD	P	474.88	256	571		26		
469	8126	Goldschmidt, Paul	NYY	1B	475.73	395	540		26		
470	10203	Lux, Gavin	TB	OF	476.19	424	568		26		
471	11923	Williams, Jett	MLW	SS	476.81	360	550		26		
472	9175	Houser, Adrian	SF	P	477.08	422	529		26		
473	11105	Doval, Camilo	NYY	P	479.65	381	584		26		
474	9725	Hoskins, Rhys	MLW	1B	479.85	401	565		26		
475	12461	Cole, Zach	HOU	OF	480.50	400	556		26		
476	11933	Lowder, Rhett	CIN	P	480.69	396	551		26		
477	10347	Santillan, Tony	CIN	P	481.23	390	605		26		
478	10262	Hayes, Ke'Bryan	CIN	3B	481.27	424	531		26		
479	8689	Matz, Steven	TB	P	482.81	367	571		26		
480	10200	Arias, Gabriel	CLE	2B, SS	483.27	426	541		26		
481	10309	Smith, Pavin	ARZ	1B	483.35	403	590		26		
482	11297	Brash, Matt	SEA	P	484.81	398	604		26		
483	9706	Kittredge, Andrew	BAL	P	485.31	405	564		26		
484	11193	Wells, Tyler	BAL	P	485.35	376	564		26		
485	11943	Hicks, Liam	MIA	1B, C	485.73	415	562		26		
486	9642	Sewald, Paul	ARZ	P	486.62	295	641		25		
487	12301	Muncy, Max	ATH	2B, 3B	487.12	395	548		26		
488	10245	Bart, Joey	PIT	C	488.31	397	573		26		
489	12137	McGreevy, Michael	STL	P	488.85	391	622		26		
490	12195	Campbell, Kristian	BOS	2B	490.19	420	602		26		
491	10355	Casas, Triston	BOS	1B	490.65	335	623		26		
492	12024	Williams, Carson	TB	SS	493.38	384	555		26		
493	8979	Moncada, Yoan	LAA	3B	494.23	440	552		26		
494	11276	Gonzalez, Romy	BOS	1B, 2B	496.31	390	602		26		
495	9921	Erceg, Lucas	KC	P	498.27	367	576		26		
496	11754	Joyce, Ben	LAA	P	501.65	346	585		26		
497	11742	Davis, Henry	PIT	C	502.19	435	627		26		
498	11331	Veen, Zac	COL	OF	502.42	404	621		26		
499	11755	Burke, Sean	CWS	P	508.08	452	581		26		
500	12216	Bazzana, Travis	CLE	2B	508.96	438	595		26		
501	11822	Leahy, Kyle	STL	P	509.19	458	585		26		
502	8632	Rodriguez, Eduardo	ARZ	P	510.04	382	587		26		
503	10880	Pages, Pedro	STL	C	510.38	454	594		26		
504	10748	Griffin, Foster	WAS	P	510.69	445	632		26		
505	8768	Martin, Chris	TEX	P	511.62	367	592		26		
506	9800	Burnes, Corbin	ARZ	P	511.65	438	573		26		
507	12329	Rodriguez, Elmer	NYY	P	512.38	441	584		26		
508	11597	Harrison, Kyle	MLW	P	512.96	414	573		26		
509	10356	Freeman, Tyler	COL	OF	513.38	409	621		26		
510	10142	Alexander, Blaze	BAL	3B	515.27	384	626		26		
511	11592	Julien, Edouard	COL	1B, 2B	516.04	398	610		26		
512	12183	Rocker, Kumar	TEX	P	516.81	420	599		26		
513	12249	Young, Cole	SEA	2B	517.12	424	628		26		
514	11350	Diaz, Alexis	TEX	P	518.42	402	594		26		
515	11154	Morel, Christopher	MIA	OF	519.04	460	595		26		
516	12040	Jenkins, Walker	MIN	OF	521.38	431	669		26		
517	12096	Schwellenbach, Spencer	ATL	P	522.12	97	680		26		
518	11910	Ryan, River	LAD	P	522.23	444	585		26		
519	10833	Martin, Austin	MIN	OF	523.27	455	587		26		
520	10126	Thomas, Alek	ARZ	OF	525.73	468	571		26		
521	12047	Jones, Spencer	NYY	OF	527.23	337	733		26		
522	10838	Bleday, JJ	CIN	OF	527.65	454	602		26		
523	10210	Conine, Griffin	MIA	OF	529.88	435	637		26		
524	6837	Scherzer, Max	TOR	P	530.04	380	626		26		
525	9977	Mountcastle, Ryan	BAL	1B	530.50	446	614		26		
526	11745	Gasser, Robert	MLW	P	530.54	472	582		26		
527	8688	Pederson, Joc	TEX	UT	530.65	432	602		26		
528	12435	Kayfus, CJ	CLE	OF	531.19	447	629		26		
529	10764	Raley, Luke	SEA	1B, OF	536.19	475	610		26		
530	12189	Condon, Charlie	COL	1B	539.38	452	614		26		
531	12473	Ritchie, JR	ATL	P	539.92	409	687		26		
532	9792	Puk, A.J.	ARZ	P	541.65	422	711		26		
533	10318	Mauricio, Ronny	NYM	3B	543.15	451	645		26		
534	11307	Elder, Bryce	ATL	P	543.19	411	634		26		
535	11912	Scott, Christian	NYM	P	543.88	447	654		26		
536	11038	Gonzales, Nick	PIT	2B	545.81	460	627		26		
537	12169	Halvorsen, Seth	COL	P	546.19	478	662		26		
538	11895	Saggese, Thomas	STL	2B, SS	547.15	463	643		26		
539	9648	Leiter Jr., Mark	ATH	P	547.46	311	699		26		
540	12124	Wrobleski, Justin	LAD	P	547.50	459	680		26		
541	11424	Varland, Louis	TOR	P	548.96	438	686		26		
542	10694	Kay, Anthony	CWS	P	550.15	466	639		26		
543	9863	Kiner-Falefa, Isiah	BOS	3B, SS	550.27	468	631		26		
544	11364	Sands, Cole	MIN	P	552.15	320	653		26		
545	11935	Brown, Ben	CHC	P	552.23	457	676		26		
546	12177	Sanoja, Javier	MIA	2B, 3B, OF	552.54	440	650		26		
547	11743	Schmitt, Casey	SF	2B, 3B	553.00	422	676		26		
548	12592	Song, Sung-Mun	SD	3B	554.85	381	646		26		
549	11395	Faucher, Calvin	MIA	P	555.12	441	628		26		
550	12199	Thomas, Colby	ATH	OF	555.12	486	640		26		
551	12355	Matthews, Brice	HOU	2B	555.27	400	639		26		
552	12250	Tawa, Tim	ARZ	1B, OF, 2B	556.19	476	643		26		
553	12403	Hernandez, Heriberto	MIA	OF	557.00	464	668		26		
554	12161	Ginn, J.T.	ATH	P	559.50	421	648		26		
555	11637	Lukes, Nathan	TOR	OF	559.54	453	635		26		
556	9788	Bauers, Jake	MLW	OF, 1B	560.54	480	677		26		
557	12014	Fitts, Richard	STL	P	561.62	462	689		26		
558	11924	Povich, Cade	BAL	P	561.92	463	672		26		
559	10372	Ashby, Aaron	MLW	P	562.31	487	657		26		
560	9876	Lopez, Pablo	MIN	P	563.42	128	156		8		
561	11375	Weiss, Ryan	HOU	P	566.23	453	647		26		
562	12367	Clark, Max	DET	OF	566.65	470	675		26		
563	8212	Sanchez, Gary	MLW	C	568.19	445	671		26		
564	9936	Keller, Brad	PHI	P	569.08	487	716		26		
565	10225	Fraley, Jake	TB	OF	570.23	503	634		26		
566	11528	Gaddis, Hunter	CLE	P	570.73	477	667		26		
567	11650	Harris, Hogan	ATH	P	572.31	291	670		26		
568	11846	Young, Jacob	WAS	OF	573.08	508	670		26		
569	11838	Schneider, Davis	TOR	2B, OF	573.27	474	675		26		
570	8633	Harvey, Hunter	CHC	P	574.69	449	708		26		
571	9892	Soto, Gregory	PIT	P	575.92	407	724		26		
572	9124	Rea, Colin	CHC	P	575.92	492	662		26		
573	11645	Hamilton, David	MLW	2B	575.96	435	693		26		
574	9205	Strahm, Matt	KC	P	576.88	464	702		26		
575	12279	Garcia, Jhostynxon	PIT	OF	578.00	444	674		26		
576	11289	Fortes, Nick	TB	C	584.46	505	665		26		
577	11810	Mlodzinski, Carmen	PIT	P	585.50	452	710		26		
578	12450	Crooks, Jimmy	STL	C	587.38	476	681		26		
579	12345	Perkins, Jack	ATH	P	587.62	313	719		25		
580	11675	Martinez, Angel	CLE	2B, OF	589.08	465	654		26		
581	9557	Sosa, Edmundo	PHI	2B, 3B	590.92	506	680		26		
582	12209	Dollander, Chase	COL	P	591.50	483	718		25		
583	10725	Rogers, Tyler	TOR	P	592.23	340	707		26		
584	10705	Heim, Jonah	ATL	C	593.08	515	698		25		
585	10854	Manoah, Alek	LAA	P	593.42	430	654		26		
586	9599	Santander, Anthony	TOR	OF	599.77	387	746		20		
587	12288	Bergert, Ryan	KC	P	600.81	491	713		25		
588	11662	Ferrer, Jose A.	SEA	P	601.04	472	735		26		
589	10024	Lauer, Eric	TOR	P	601.23	511	686		26		
590	12483	Anderson, Kade	SEA	P	602.35	463	706		26		
591	12360	Barco, Hunter	PIT	P	602.54	448	720		25		
592	10640	Civale, Aaron	ATH	P	604.38	529	697		26		
593	8807	Rojas, Miguel	LAD	3B, 2B, SS	605.31	534	699		26		
594	11887	Waldrep, Hurston	ATL	P	606.31	270	738		22		
595	8189	Pomeranz, Drew	LAA	P	606.65	482	718		26		
596	10234	Jackson, Jeremiah	BAL	OF	606.92	437	726		25		
597	11283	Crawford, Kutter	BOS	P	607.65	542	676		26		
598	12026	Birdsong, Hayden	SF	P	608.42	479	718		24		
599	11624	Gelof, Zack	ATH	2B	608.69	473	742		26		
600	11952	Loperfido, Joey	HOU	OF	609.88	414	674		25		
601	11223	Vierling, Matt	DET	OF	611.46	506	712		26		
602	12389	Blubaugh, AJ	HOU	P	611.81	508	681		26		
603	10937	Wong, Connor	BOS	C	614.19	498	700		26		
604	11954	Pauley, Graham	MIA	3B	614.62	508	746		26		
605	11629	Yoshida, Masataka	BOS	UT	614.65	497	685		25		
606	11403	Jameson, Drey	ARZ	P	616.00	441	739		26		
607	12338	Kemp, Otto	PHI	3B	616.73	518	736		26		
608	12439	Karros, Kyle	COL	3B	616.88	471	733		25		
609	11990	Rodriguez, Emmanuel	MIN	OF	618.35	559	729		26		
610	10296	Lowe, Nathaniel	BOS	1B	618.73	510	724		25		
611	10345	Myers, Tobias	NYM	P	619.12	533	719		26		
612	10518	Romano, Jordan	LAA	P	622.42	500	733		26		
613	8659	McCullers Jr., Lance	HOU	P	622.85	519	720		26		
614	11986	McDonald, Trevor	SF	P	623.46	542	740		25		
615	11401	Sears, JP	SD	P	624.92	529	701		25		
616	10193	Ruiz, Esteury	MIA	OF	625.04	460	736		25		
617	11677	Vasquez, Randy	SD	P	625.50	483	720		24		
618	11965	Amador, Adael	COL	2B	625.65	477	707		26		
619	11621	Montgomery, Mason	PIT	P	626.27	450	724		24		
620	10955	Walls, Taylor	TB	SS	626.31	500	739		26		
621	11681	DeLuca, Jonny	TB	OF	626.46	551	728		25		
622	12406	Ritter, Ryan	COL	2B, SS	626.69	503	696		26		
623	11792	Bradford, Cody	TEX	P	626.92	551	718		26		
624	11126	Topa, Justin	MIN	P	627.04	365	717		24		
625	10205	Valera, George	CLE	UT	628.15	526	729		25		
626	12192	Mathews, Quinn	STL	P	628.23	507	709		24		
627	11046	Hassell III, Robert	WAS	OF	628.27	529	732		25		
628	10784	Vesia, Alex	LAD	P	630.04	523	735		26		
629	11412	Allen, Logan	CLE	P	630.81	422	737		26		
630	12485	Ortiz, Abimelec	WAS	1B	630.81	550	736		24		
631	11906	Quero, Jeferson	MLW	C	634.00	492	723		24		
632	9583	Anderson, Drew	DET	P	634.08	557	739		26		
633	9515	Alvarado, Jose	PHI	P	636.08	557	719		26		
634	7514	Santana, Carlos	ARZ	1B	638.19	538	745		24		
635	9123	Armstrong, Shawn	CLE	P	638.27	548	727		25		
636	11587	Stone, Gavin	LAD	P	639.19	459	745		25		
637	10209	Canning, Griffin	SD	P	639.69	488	728		25		
638	12369	Lord, Brad	WAS	P	640.27	543	743		26		
639	12181	Wagaman, Eric	MIN	1B, OF	641.19	539	725		26		
640	11370	Duran, Ezequiel	TEX	1B, SS	641.69	493	736		24		
641	11423	Henry, Cole	WAS	P	642.15	392	743		24		
642	11531	Grissom, Vaughn	LAA	2B	642.38	519	714		26		
643	10362	Benson, Will	CIN	OF	643.23	493	731		24		
644	11280	Junk, Janson	MIA	P	644.50	545	719		26		
645	12220	Klassen, George	LAA	P	646.73	531	735		25		
646	10308	Sandoval, Patrick	BOS	P	647.85	520	750		25		
647	8897	McCann, James	ARZ	C	648.54	571	717		25		
648	10161	Paddack, Chris	MIA	P	648.73	427	742		25		
649	9764	Buehler, Walker	PHI	P	650.46	497	743		22		
650	11470	Martin, Davis	CWS	P	650.96	542	739		26		
651	11902	Festa, David	MIN	P	651.12	493	747		23		
652	11956	Whisenhunt, Carson	SF	P	653.58	559	749		23		
653	11736	Encarnacion-Strand, Christian	CIN	1B	653.92	548	738		23		
654	10445	Urias, Ramon	STL	2B, 3B	654.92	524	723		23		
655	10853	Baker, Bryan	TB	P	656.54	549	730		25		
656	12444	Church, Nathan	STL	OF	657.42	496	730		23		
657	10259	Gray, Josiah	WAS	P	658.04	545	743		25		
658	11043	Campusano, Luis	SD	UT	658.19	549	747		24		
659	12491	Lagrange, Carlos	NYY	P	658.46	517	749		24		
660	10304	Jones, Nolan	CLE	OF	660.15	514	749		24		
661	12476	Culpepper, Kaelen	MIN	SS	660.35	532	744		25		
662	10025	Adam, Jason	SD	P	663.50	555	746		25		
663	12197	Schultz, Noah	CWS	P	664.23	491	747		24		
664	11855	Phillips, Connor	CIN	P	664.88	514	740		21		
665	11516	Massey, Michael	KC	2B	665.04	540	738		25		
666	10425	Palacios, Richie	TB	OF	666.42	548	729		23		
667	9524	Mateo, Jorge	ATL	SS	666.58	521	741		22		
668	12445	Peguero, Joel	SF	P	669.15	487	731		25		
669	12481	Wiggins, Jaxon	CHC	P	670.23	497	738		21		
670	11789	Fry, David	CLE	UT	671.69	441	749		23		
671	9862	Trevino, Jose	CIN	C	673.04	566	745		24		
672	11557	Cruz, Fernando	NYY	P	673.31	513	716		24		
673	12098	Schneemann, Daniel	CLE	2B, 3B, OF	673.42	554	749		24		
674	10645	Urquidy, Jose	PIT	P	674.15	599	713		25		
675	12300	Osuna, Alejandro	TEX	OF	674.35	604	747		25		
676	8954	Conforto, Michael	CHC	OF	674.38	578	746		23		
677	11606	Mead, Curtis	CWS	1B, 3B	674.62	482	732		21		
678	12484	Jump, Gage	ATH	P	674.81	498	748		21		
679	9600	Torrens, Luis	NYM	C	676.50	588	745		24		
680	10960	Thompson, Ryan	ARZ	P	677.04	543	739		19		
681	10408	Isbel, Kyle	KC	OF	678.00	557	748		23		
682	9500	Rosario, Amed	NYY	3B	678.96	618	740		25		
683	12378	Fulford, Braxton	COL	C	682.42	530	750		21		
684	11417	Ashcraft, Graham	CIN	P	683.23	532	749		22		
685	8947	Newcomb, Sean	CWS	P	684.65	606	750		24		
686	10246	Wentz, Joey	ATL	P	684.92	525	747		19		
687	12034	Crim, Blaine	COL	1B	685.31	434	725		15		
688	11771	Kjerstad, Heston	BAL	OF	685.73	600	747		24		
689	8280	Quintana, Jose	COL	P	685.81	543	746		19		
690	9295	Marquez, German	SD	P	687.00	465	747		18		
691	12009	Kolek, Stephen	KC	P	688.35	564	735		17		
692	10406	Alcantara, Kevin	CHC	OF	688.65	548	749		17		
693	11820	Myers, Dane	CIN	OF	688.85	542	750		23		
694	11678	Matos, Luis	SF	OF	689.42	565	733		20		
695	9028	Lorenzen, Michael	COL	P	689.85	505	750		20		
696	12496	Rada, Nelson	LAA	OF	690.62	568	742		22		
697	9779	Kopech, Michael	LAD	P	693.38	548	736		20		
698	12486	Gibson, Trey	BAL	P	694.31	602	745		20		
699	12377	Williamson, Ben	TB	3B	695.81	539	745		18		
700	12521	Montgomery, Braden	CWS	OF	696.42	540	743		18		
701	9549	Garver, Mitch	SEA	C	697.31	522	736		19		
702	11890	Black, Tyler	MLW	1B	698.42	560	730		15		
703	11920	Hernaiz, Darell	ATH	3B, SS	699.23	549	748		19		
704	12231	Freeland, Alex	LAD	3B	699.46	556	748		22		
705	11797	Monasterio, Andruw	BOS	SS	699.58	587	741		18		
706	11594	Olson, Reese	DET	P	699.77	531	749		13		
707	8895	Garcia, Yimi	TOR	P	700.69	594	744		19		
708	12280	Dobbins, Hunter	STL	P	701.15	533	724		15		
709	9807	Yarbrough, Ryan	NYY	P	701.35	534	749		21		
710	12346	Walcott, Sebastian	TEX	SS	702.15	474	744		13		
711	12517	McDougal, Tanner	CWS	P	702.50	571	732		19		
712	12210	Roden, Alan	MIN	OF	702.65	609	747		19		
713	10499	Lawrence, Justin	PIT	P	704.92	586	728		20		
714	11863	Gipson-Long, Sawyer	DET	P	705.23	606	746		19		
715	12415	Fuentes, Didier	ATL	P	705.92	557	748		14		
716	12159	Casparius, Ben	LAD	P	706.04	516	747		20		
717	11442	Pallante, Andre	STL	P	706.35	590	750		22		
718	11399	Outman, James	MIN	OF	706.77	506	743		13		
719	12626	Rumfield, T.J.	NYY	1B	707.65	493	747		14		
720	10688	Speier, Gabe	SEA	P	708.15	600	740		18		
721	12340	Alvarado, Elvis	ATH	P	709.00	550	739		16		
722	12299	De Vries, Leodalis	ATH	SS	709.62	589	749		14		
723	12489	Ingle, Cooper	CLE	C	710.27	613	748		21		
724	12131	Hopkins, Brody	TB	P	710.85	640	749		20		
725	8929	Refsnyder, Rob	SEA	OF	711.04	565	746		15		
726	11780	Chaparro, Andres	WAS	1B	711.85	613	723		12		
727	8211	d'Arnaud, Travis	LAA	C	712.65	606	741		14		
728	10253	Miranda, Jose	MIN	3B	713.19	411	717		9		
729	12307	Ward, Ryan	LAD	OF	714.85	633	747		12		
730	11605	Tiedemann, Ricky	TOR	P	715.65	597	740		11		
731	11876	Kerkering, Orion	PHI	P	716.04	584	745		18		
732	10485	France, Ty	TOR	1B	717.46	584	744		12		
733	11615	De Los Santos, Deyvison	MIA	1B	717.65	571	748		13		
734	10839	Encarnacion, Jerar	SF	OF	717.77	620	747		16		
735	9923	Barlow, Scott	ATH	P	718.42	622	742		18		
736	11776	Fermin, Jose	STL	2B	718.96	536	746		12		
737	12030	Rodriguez, Hector	CIN	OF	719.23	563	737		9		
738	12352	Made, Jesus	MLW	SS	719.23	631	749		16		
739	9894	Estrada, Thairo	COL	2B	719.96	545	742		10		
740	7736	Marte, Starling	KC	UT	720.88	573	690		7		
741	9719	Fedde, Erick	CWS	P	722.69	626	745		11		
742	10444	Moore, Dylan	TEX	2B, OF	722.73	658	750		12		
743	11547	Assad, Javier	CHC	P	723.00	647	747		14		
744	11779	Feduccia, Hunter	TB	C	724.77	575	748		12		
745	11262	Pozo, Yohel	STL	C	724.88	621	747		13		
746	8418	Walker, Taijuan	PHI	P	725.00	608	735		9		
747	11584	Rodriguez, Endy	PIT	1B	726.08	612	738		11		
748	11400	Butto, Jose	SF	P	726.19	629	744		13		
749	12512	Bratt, Mitch	ARZ	P	727.15	632	747		14		
750	7538	Flores, Wilmer	SF	1B	727.38	629	745		12		
751	10524	Akin, Keegan	BAL	P	727.58	645	750		13		
752	12392	Tidwell, Blade	SF	P	727.81	613	742		13		
753	10842	Lee, Dylan	ATL	P	728.35	648	737		15		
754	12111	King, Bryan	HOU	P	728.38	635	744		14		
755	10976	Irvin, Jake	WAS	P	728.92	585	748		9		
756	10531	Rogers, Jake	DET	C	729.77	618	727		9		
757	8170	Hendriks, Liam	BOS	P	729.88	603	746		9		
758	10167	Winn, Cole	TEX	P	730.31	641	728		9		
759	11552	Little, Brendon	TOR	P	730.38	589	737		7		
760	12501	Rodriguez, Jesus	SF	C	731.00	595	748		10		
761	11145	Yorke, Nick	PIT	2B	731.08	658	749		14		
762	12498	Johnson, Ty	TB	P	731.31	656	746		11		
763	12144	Del Castillo, Adrian	ARZ	UT	731.38	612	750		13		
764	12196	Smith, Hagen	CWS	P	731.88	676	749		15		
765	9646	Montgomery, Jordan	TEX	P	731.92	678	747		13		
766	9698	Tauchman, Mike	CWS	OF	732.08	641	744		8		
767	11427	Schuemann, Max	NYY	2B, 3B, SS	732.38	536	653		3		
768	10165	Schmidt, Clarke	NYY	P	732.73	591	722		6		
769	12487	Doyle, Liam	STL	P	734.23	609	750		9		
770	11080	Toglia, Michael	COL	1B	734.35	626	740		7		
771	6918	Morton, Charlie	ATL	P	734.38	495	575		2		
772	12631	Antonacci, Sam	CWS	2B	734.54	545	737		6		
773	12607	Baumler, Carter	TEX	P	734.58	500	701		4		
774	11988	Teng, Kai-Wei	HOU	P	734.88	594	749		7		
775	11073	Miller, Bobby	LAD	P	735.00	645	747		11		
776	12273	Strowd, Kade	ARZ	P	735.12	617	750		10		
777	9880	Tellez, Rowdy	TEX	1B	735.23	494	739		5		
778	12440	Gilbert, Drew	SF	OF	735.62	539	732		4		
779	12475	Clifford, Ryan	NYM	1B	735.88	613	749		8		
780	11719	Perkins, Blake	MLW	OF	735.96	680	746		10		
781	11941	Bliss, Ryan	SEA	2B	736.00	686	746		9		
782	10223	Jones, Jahmai	DET	OF	736.00	554	694		4		
783	12348	Susana, Jarlin	WAS	P	736.00	616	745		7		
784	12503	Susac, Daniel	SF	C	736.12	624	724		6		
785	12518	Alderman, Kemp	MIA	OF	736.54	654	698		5		
786	12232	Prielipp, Connor	MIN	P	736.77	648	750		9		
787	10821	White, Eli	ATL	OF	737.12	614	737		6		
788	11975	Mejia, Juan	COL	P	737.54	640	749		7		
789	9819	Mikolas, Miles	WAS	P	737.58	642	733		8		
790	9387	Frazier, Adam	KC	2B, OF	737.58	654	748		8		
791	9937	Fernandez, Julian	WAS	P	737.62	627	749		7		
792	12528	Torres, Bryan	STL	OF	738.00	681	740		8		
793	10293	Melendez, MJ	NYM	OF	738.04	667	741		9		
794	11489	Koenig, Jared	MLW	P	738.08	636	690		4		
795	11064	Marchan, Rafael	PHI	C	738.19	556	726		5		
796	12511	Anderson, Max	DET	2B	738.23	652	749		6		
797	12488	Briceno, Josue	DET	C	738.38	632	730		5		
798	11773	Brito, Juan	CLE	2B	738.42	590	708		4		
799	9828	Wynns, Austin	ATH	C	738.46	685	746		9		
800	10109	Straw, Myles	TOR	OF	738.62	591	749		4		
801	12374	Tolbert, Tyler	KC	OF	738.92	586	691		3		
802	10691	Heineman, Tyler	TOR	C	738.96	636	741		5		
803	11984	Perales, Luis	WAS	P	739.31	688	739		9		
804	10873	Hancock, Emerson	SEA	P	739.54	673	740		6		
805	12051	Wilken, Brock	MLW	3B	739.96	568	647		2		
806	10926	Espino, Daniel	CLE	P	740.50	682	745		9		
807	8835	Hernandez, Enrique	LAD	1B, 3B, OF	740.54	657	748		6		
808	12546	White, Josh	MIA	P	740.62	602	750		4		
809	9965	McKenzie, Triston	CLE	P	740.65	620	715		3		
810	11569	Liberato, Luis	SD	OF	740.69	483	483		1		
811	12595	Troy, Tommy	ARZ	2B	740.81	667	748		7		
812	8686	Austin, Tyler	CHC	1B	740.85	620	748		5		
813	12611	Bremner, Tyler	FA	P	741.08	646	731		4		
814	12505	Arnold, Jamie	ATH	P	741.19	603	734		3		
815	10124	Baddoo, Akil	MLW	OF	741.23	640	740		4		
816	12008	Slaten, Justin	BOS	P	741.73	666	747		6		
817	9957	Hicks, Jordan	CWS	P	742.08	575	749		5		
818	12519	Crow, Coleman	MLW	P	742.08	654	738		4		
819	11904	Vasil, Mike	CWS	P	742.15	665	750		6		
820	11205	Bender, Anthony	MIA	P	742.15	679	735		6		
821	12049	Locklear, Tyler	ARZ	1B	742.38	635	714		3		
822	12304	Montes, Lazaro 	SEA	OF	742.42	578	731		3		
823	10187	Hall, DL	MLW	P	742.50	675	745		8		
824	10903	Sousa, Bennett	HOU	P	742.50	563	735		3		
825	9782	Jimenez, Eloy	BAL	UT	742.69	594	741		4		
826	10271	Wade Jr., LaMonte	LAA	OF, 1B	742.73	605	682		2		
827	11651	Bernabel, Warming	COL	1B	742.88	645	750		5		
828	11980	Hodge, Porter	CHC	P	742.88	692	750		10		
829	9938	Kinley, Tyler	ATL	P	742.96	643	722		3		
830	8950	Arcia, Orlando	COL	2B, 3B, SS	743.12	608	738		4		
831	11643	Rojas, Johan	PHI	OF	743.19	585	714		2		
832	12173	Lockridge, Brandon	MLW	OF	743.81	696	734		5		
833	11847	Wicks, Jordan	CHC	P	743.85	648	668		2		
834	10114	Taylor, Tyrone	NYM	OF	743.85	665	730		4		
835	8919	Pham, Tommy	PIT	OF	744.12	697	735		6		
836	11171	Falter, Bailey	KC	P	744.42	626	705		2		
837	12394	Fisher, Braydon	TOR	P	744.50	583	750		2		
838	12296	Dreyer, Jack	LAD	P	744.54	696	748		7		
839	11961	Montero, Keider	DET	P	744.65	611	726		2		
840	12005	Drohan, Shane	MLW	P	744.69	628	750		4		
841	11172	Zerpa, Angel	MLW	P	744.85	699	732		5		
842	10520	Call, Alex	LAD	OF	744.88	644	749		5		
843	10230	Kelenic, Jarred	ATL	OF	745.00	598	748		2		
844	10274	Taveras, Leody	BAL	OF	745.23	649	736		3		
845	11156	Peraza, Oswald	LAA	3B	745.31	692	738		4		
846	8941	Freeland, Kyle	COL	P	745.50	657	737		4		
847	11383	Tena, Jose	WAS	3B	745.77	661	748		4		
848	12171	Dana, Caden	LAA	P	745.77	707	738		5		
849	12506	De Paula, Josue	LAD	OF	745.77	621	745		2		
850	11731	Varland, Gus	WAS	P	745.88	618	618		1		
851	10677	Brown, Seth	ATH	OF	745.96	620	620		1		
852	8773	Grichuk, Randal	KC	OF	746.00	621	621		1		
853	12129	Alvarez Jr., Nacho	ATL	3B	746.08	655	719		2		
854	10276	Allen, Logan	ARZ	P	746.12	624	624		1		
855	8272	Corbin, Patrick	TEX	P	746.15	625	625		1		
856	9519	Stanek, Ryne	STL	P	746.23	686	692		2		
857	11762	Flores Jr., Rafael	PIT	1B	746.27	698	718		3		
858	10501	Herget, Jimmy	COL	P	746.27	661	747		3		
859	12207	Harrington, Thomas	PIT	P	746.35	671	710		2		
860	10979	Ibanez, Andy	ATH	3B	746.35	651	730		2		
861	12493	Pecko, Ethan	HOU	P	746.35	693	742		4		
862	12624	Arroyo, Michael	SEA	2B	746.38	707	744		5		
863	12225	Yoho, Craig	MLW	P	746.58	647	740		2		
864	11515	Eaton, Nate	BOS	OF	746.62	663	725		2		
865	12536	Wenninger, Jack	NYM	P	746.69	661	749		3		
866	11658	Ramos, Bryan	BAL	3B	746.77	641	641		1		
867	12513	Genao, Angel	CLE	SS	746.77	641	641		1		
868	11620	McGarry, Griff	WAS	P	746.85	701	734		3		
869	9934	Cortes, Nestor	SD	P	746.96	646	646		1		
870	12256	Rock, Joe	TB	P	746.96	646	646		1		
871	12045	Petty, Chase	CIN	P	747.00	671	727		2		
872	11459	Holton, Tyler	DET	P	747.08	693	747		3		
873	12213	Bradfield, Enrique	BAL	OF	747.12	705	739		4		
874	9563	Banda, Anthony	MIN	P	747.15	651	651		1		
875	8756	Treinen, Blake	LAD	P	747.19	709	744		4		
876	11148	Sugano, Tomoyuki	COL	P	747.38	677	731		2		
877	10683	Haggerty, Sam	TEX	OF	747.42	658	658		1		
878	12427	Cortes, Carlos	ATH	OF	747.46	689	721		2		
879	12514	Valdez, Esmerlyn	PIT	OF	747.54	696	749		4		
880	12275	Halpin, Petey	CLE	OF	747.58	683	730		2		
881	9897	Loaisiga, Jonathan	NYY	P	747.65	673	742		2		
882	12221	Agnos, Zach	COL	P	747.73	666	666		1		
883	11313	Lee, Korey	CWS	C	747.77	696	722		2		
884	10295	Pearson, Nate	HOU	P	747.77	667	667		1		
885	9210	Clevinger, Mike	CWS	P	747.85	669	669		1		
886	10247	Rodriguez, Johnathan	CLE	OF	748.12	690	737		2		
887	11987	Miller, Erik	SF	P	748.12	701	743		3		
888	11318	Rangel, Alan	PHI	P	748.12	676	676		1		
889	8645	Johnson, Pierce	CIN	P	748.15	706	722		2		
890	9817	Whitley, Forrest	TB	P	748.23	689	741		2		
891	11726	Englert, Mason	TB	P	748.42	684	684		1		
892	12164	Zeferjahn, Ryan	LAA	P	748.42	725	733		3		
893	9290	Okert, Steven	HOU	P	748.46	715	721		2		
894	11113	Hinds, Rece	CIN	OF	748.46	700	736		2		
895	12368	Johnson, Ryan	LAA	P	748.58	701	738		2		
896	12635	Sloan, Ryan	SEA	P	748.65	690	690		1		
897	11784	Scholtens, Jesse	TB	P	748.69	691	691		1		
898	11874	Fitzgerald, Tyler	SF	2B	748.73	722	739		3		
899	11938	Thompson, Sterlin	COL	OF	748.77	693	693		1		
900	8679	Smith, Dominic	SF	1B	748.77	710	734		2		
901	11916	Rodriguez, Yariel	TOR	P	748.81	716	743		3		
902	11856	Saalfrank, Andrew	ARZ	P	748.88	727	742		3		
903	10750	Hendrix, Ryan	ARZ	P	748.96	698	698		1		
904	11371	Henriquez, Ronny	MIA	P	749.08	708	744		2		
905	11850	Funderburk, Kody	MIN	P	749.12	732	745		4		
906	11949	Salas, Ethan	SD	C	749.12	702	702		1		
907	9547	Junis, Jakob	TEX	P	749.15	711	750		3		
908	11808	Bido, Osvaldo	NYY	P	749.15	703	703		1		
909	12145	Dezenzo, Zach	HOU	OF	749.15	703	703		1		
910	12630	Sinnard, Luke	ATL	P	749.23	705	705		1		
911	12410	Granillo, Andre	WAS	P	749.27	714	743		2		
912	11382	Noel, Jhonkensy	BAL	OF	749.31	707	707		1		
913	10608	Helman, Michael	TEX	OF	749.31	707	707		1		
914	9461	Mancini, Trey	CHC	1B	749.35	708	708		1		
915	10135	Knizner, Andrew	SEA	C	749.42	710	710		1		
916	11665	Barrosa, Jorge	ARZ	OF	749.46	711	711		1		
917	12121	Orze, Eric	MIN	P	749.46	712	750		2		
918	10857	Allen, Nick	HOU	SS	749.50	731	746		3		
919	9107	Anderson, Tyler	LAA	P	749.50	712	712		1		
920	12298	Ullola, Miguel	HOU	P	749.54	713	713		1		
921	9974	Kelly, Michael	ATH	P	749.54	713	713		1		
922	9734	Minter, A.J.	NYM	P	749.54	725	750		3		
923	10060	Festa, Matt	CLE	P	749.54	713	713		1		
924	12495	Bolte, Henry	ATH	OF	749.58	728	737		2		
925	8963	Jackson, Alex	MIN	C	749.62	715	715		1		
926	8670	Heaney, Andrew	LAD	P	749.65	716	716		1		
927	11090	Paris, Kyren	LAA	OF	749.65	716	716		1		
928	12167	Sabrowski, Erik	CLE	P	749.69	724	744		2		
929	7791	Perez, Martin	CWS	P	749.69	730	746		3		
930	12568	Rojas, Kendry	MIN	P	749.69	727	741		2		
931	12500	Davalillo, David	TEX	P	749.81	720	720		1		
932	12206	Maxwell, Zach	CIN	P	749.88	722	722		1		
933	12290	Acosta, Maximo	MIA	3B	749.92	738	745		3		
934	12540	Drake, Kohl	ARZ	P	749.92	723	723		1		
935	11582	Mervis, Matt	WAS	1B	749.96	731	744		2		
936	9448	Peralta, Wandy	SD	P	750.00	725	725		1		
937	11157	Gomez, Yoendrys	TB	P	750.04	726	726		1		
938	12508	Murphy, Owen	ATL	P	750.04	726	726		1		
939	9869	Perez, Cionel	BAL	P	750.04	729	748		2		
940	8841	Hendricks, Kyle	LAA	P	750.08	727	727		1		
941	11970	Parker, Mitchell	WAS	P	750.08	728	750		2		
942	11945	Teodo, Emiliano	TEX	P	750.12	728	728		1		
943	12230	Rosario, Alejandro	TEX	P	750.12	728	728		1		
944	10352	Beck, Tristan	SF	P	750.15	729	729		1		
945	12520	Franklin, Christian	WAS	OF	750.23	731	731		1		
946	11467	Cano, Yennier	BAL	P	750.23	731	731		1		
947	12078	Cannon, Jonathan	CWS	P	750.23	731	731		1		
948	10326	Hentges, Sam	SF	P	750.27	732	732		1		
949	11896	Thorpe, Drew	CWS	P	750.27	732	732		1		
950	12277	Avila, Luinder	KC	P	750.31	733	733		1		
951	11526	Johnson, Bryce	SD	OF	750.38	735	735		1		
952	11379	Bautista, Felix	BAL	P	750.38	735	735		1		
953	11781	Salazar, Cesar	HOU	C	750.38	742	744		2		
954	9777	Kingery, Scott	LAA	2B	750.42	736	736		1		
955	11918	Madden, Ty	DET	P	750.46	737	737		1		
956	11166	Santos, Gregory	SEA	P	750.46	737	737		1		
957	12354	Pratt, Cooper	MLW	SS	750.46	737	737		1		
958	12545	Glasser, Phillip	WAS	OF	750.50	738	738		1		
959	12178	Teodosio, Bryce	LAA	OF	750.54	739	739		1		
960	12187	Gusto, Ryan	MIA	P	750.58	740	740		1		
961	11282	Feltner, Ryan	COL	P	750.58	740	740		1		
962	12033	Hence, Tink	STL	P	750.58	740	740		1		
963	8431	Hedges, Austin	CLE	C	750.58	740	740		1		
964	12122	Bigge, Hunter	TB	P	750.58	743	750		3		
965	12538	Long, Jonathon	CHC	1B	750.62	741	741		1		
966	12186	Henriquez, Edgardo	LAD	P	750.65	742	742		1		
967	12081	Rivas, Leo	SEA	2B	750.65	742	742		1		
968	12205	Morris, Andrew	MIN	P	750.77	745	745		1		
969	12534	Ward, Braiden	COL	OF	750.77	745	745		1		
970	12615	De Leon, Luis	BAL	P	750.81	746	746		1		
971	12522	Perez, Junior	ATH	OF	750.81	746	746		1		
972	12151	Wagner, Will	SD	3B	750.81	746	746		1		
973	11815	Waldron, Matt	SD	P	750.85	747	747		1		
974	12353	Lee, Hao-Yu	DET	3B	750.85	747	747		1		
975	10734	Phillips, Tyler	MIA	P	750.85	747	747		1		
976	12621	Davidson, Bo	SF	OF	750.96	750	750		1		
